==1330== NVPROF is profiling process 1330, command: ../../bin/mcx -A -g 10 -n 1e6 -f qtest.inp -s qtest -r 1 -a 0 -b 0 -G 1 -D P
==1330== Some kernel(s) will be replayed on device 0 in order to collect all events/metrics.
==1330== Profiling application: ../../bin/mcx -A -g 10 -n 1e6 -f qtest.inp -s qtest -r 1 -a 0 -b 0 -G 1 -D P
==1330== Profiling result:
==1330== Metric result:
"Device","Kernel","Invocations","Metric Name","Metric Description","Min","Max","Avg"
"GeForce GTX 950 (0)","void mcx_main_loop<int=0>(unsigned char*, float*, float*, unsigned int*, float4*, float4*, float4*, float*, unsigned int*, float*, float*, float*, unsigned long*, float*, int volatile *)",1,"sm_efficiency","Multiprocessor Activity",98.110513%,98.110513%,98.110513%
"GeForce GTX 950 (0)","void mcx_main_loop<int=0>(unsigned char*, float*, float*, unsigned int*, float4*, float4*, float4*, float*, unsigned int*, float*, float*, float*, unsigned long*, float*, int volatile *)",1,"achieved_occupancy","Achieved Occupancy",0.345524,0.345524,0.345524
"GeForce GTX 950 (0)","void mcx_main_loop<int=0>(unsigned char*, float*, float*, unsigned int*, float4*, float4*, float4*, float*, unsigned int*, float*, float*, float*, unsigned long*, float*, int volatile *)",1,"ipc","Executed IPC",2.948113,2.948113,2.948113
"GeForce GTX 950 (0)","void mcx_main_loop<int=0>(unsigned char*, float*, float*, unsigned int*, float4*, float4*, float4*, float*, unsigned int*, float*, float*, float*, unsigned long*, float*, int volatile *)",1,"issued_ipc","Issued IPC",2.939203,2.939203,2.939203
"GeForce GTX 950 (0)","void mcx_main_loop<int=0>(unsigned char*, float*, float*, unsigned int*, float4*, float4*, float4*, float*, unsigned int*, float*, float*, float*, unsigned long*, float*, int volatile *)",1,"inst_per_warp","Instructions per warp",10181043.036458,10181043.036458,10181043.036458
"GeForce GTX 950 (0)","void mcx_main_loop<int=0>(unsigned char*, float*, float*, unsigned int*, float4*, float4*, float4*, float*, unsigned int*, float*, float*, float*, unsigned long*, float*, int volatile *)",1,"branch_efficiency","Branch Efficiency",99.316808%,99.316808%,99.316808%
"GeForce GTX 950 (0)","void mcx_main_loop<int=0>(unsigned char*, float*, float*, unsigned int*, float4*, float4*, float4*, float*, unsigned int*, float*, float*, float*, unsigned long*, float*, int volatile *)",1,"warp_execution_efficiency","Warp Execution Efficiency",44.259728%,44.259728%,44.259728%
"GeForce GTX 950 (0)","void mcx_main_loop<int=0>(unsigned char*, float*, float*, unsigned int*, float4*, float4*, float4*, float*, unsigned int*, float*, float*, float*, unsigned long*, float*, int volatile *)",1,"warp_nonpred_execution_efficiency","Warp Non-Predicated Execution Efficiency",42.004342%,42.004342%,42.004342%
"GeForce GTX 950 (0)","void mcx_main_loop<int=0>(unsigned char*, float*, float*, unsigned int*, float4*, float4*, float4*, float*, unsigned int*, float*, float*, float*, unsigned long*, float*, int volatile *)",1,"inst_replay_overhead","Instruction Replay Overhead",0.000000,0.000000,0.000000
"GeForce GTX 950 (0)","void mcx_main_loop<int=0>(unsigned char*, float*, float*, unsigned int*, float4*, float4*, float4*, float*, unsigned int*, float*, float*, float*, unsigned long*, float*, int volatile *)",1,"issue_slot_utilization","Issue Slot Utilization",65.017471%,65.017471%,65.017471%
"GeForce GTX 950 (0)","void mcx_main_loop<int=0>(unsigned char*, float*, float*, unsigned int*, float4*, float4*, float4*, float*, unsigned int*, float*, float*, float*, unsigned long*, float*, int volatile *)",1,"shared_load_transactions_per_request","Shared Memory Load Transactions Per Request",2.638807,2.638807,2.638807
"GeForce GTX 950 (0)","void mcx_main_loop<int=0>(unsigned char*, float*, float*, unsigned int*, float4*, float4*, float4*, float*, unsigned int*, float*, float*, float*, unsigned long*, float*, int volatile *)",1,"shared_store_transactions_per_request","Shared Memory Store Transactions Per Request",2.344431,2.344431,2.344431
"GeForce GTX 950 (0)","void mcx_main_loop<int=0>(unsigned char*, float*, float*, unsigned int*, float4*, float4*, float4*, float*, unsigned int*, float*, float*, float*, unsigned long*, float*, int volatile *)",1,"local_load_transactions_per_request","Local Memory Load Transactions Per Request",0.000000,0.000000,0.000000
"GeForce GTX 950 (0)","void mcx_main_loop<int=0>(unsigned char*, float*, float*, unsigned int*, float4*, float4*, float4*, float*, unsigned int*, float*, float*, float*, unsigned long*, float*, int volatile *)",1,"local_store_transactions_per_request","Local Memory Store Transactions Per Request",0.000000,0.000000,0.000000
"GeForce GTX 950 (0)","void mcx_main_loop<int=0>(unsigned char*, float*, float*, unsigned int*, float4*, float4*, float4*, float*, unsigned int*, float*, float*, float*, unsigned long*, float*, int volatile *)",1,"gld_transactions_per_request","Global Load Transactions Per Request",19.428208,19.428208,19.428208
"GeForce GTX 950 (0)","void mcx_main_loop<int=0>(unsigned char*, float*, float*, unsigned int*, float4*, float4*, float4*, float*, unsigned int*, float*, float*, float*, unsigned long*, float*, int volatile *)",1,"gst_transactions_per_request","Global Store Transactions Per Request",3.040897,3.040897,3.040897
"GeForce GTX 950 (0)","void mcx_main_loop<int=0>(unsigned char*, float*, float*, unsigned int*, float4*, float4*, float4*, float*, unsigned int*, float*, float*, float*, unsigned long*, float*, int volatile *)",1,"shared_store_transactions","Shared Store Transactions",77106138,77106138,77106138
"GeForce GTX 950 (0)","void mcx_main_loop<int=0>(unsigned char*, float*, float*, unsigned int*, float4*, float4*, float4*, float*, unsigned int*, float*, float*, float*, unsigned long*, float*, int volatile *)",1,"shared_load_transactions","Shared Load Transactions",191109794,191109794,191109794
"GeForce GTX 950 (0)","void mcx_main_loop<int=0>(unsigned char*, float*, float*, unsigned int*, float4*, float4*, float4*, float*, unsigned int*, float*, float*, float*, unsigned long*, float*, int volatile *)",1,"local_load_transactions","Local Load Transactions",0,0,0
"GeForce GTX 950 (0)","void mcx_main_loop<int=0>(unsigned char*, float*, float*, unsigned int*, float4*, float4*, float4*, float*, unsigned int*, float*, float*, float*, unsigned long*, float*, int volatile *)",1,"local_store_transactions","Local Store Transactions",0,0,0
"GeForce GTX 950 (0)","void mcx_main_loop<int=0>(unsigned char*, float*, float*, unsigned int*, float4*, float4*, float4*, float*, unsigned int*, float*, float*, float*, unsigned long*, float*, int volatile *)",1,"gld_transactions","Global Load Transactions",201001693,201001693,201001693
"GeForce GTX 950 (0)","void mcx_main_loop<int=0>(unsigned char*, float*, float*, unsigned int*, float4*, float4*, float4*, float*, unsigned int*, float*, float*, float*, unsigned long*, float*, int volatile *)",1,"gst_transactions","Global Store Transactions",33757,33757,33757
"GeForce GTX 950 (0)","void mcx_main_loop<int=0>(unsigned char*, float*, float*, unsigned int*, float4*, float4*, float4*, float*, unsigned int*, float*, float*, float*, unsigned long*, float*, int volatile *)",1,"dram_read_transactions","Device Memory Read Transactions",209993,209993,209993
"GeForce GTX 950 (0)","void mcx_main_loop<int=0>(unsigned char*, float*, float*, unsigned int*, float4*, float4*, float4*, float*, unsigned int*, float*, float*, float*, unsigned long*, float*, int volatile *)",1,"dram_write_transactions","Device Memory Write Transactions",13255755,13255755,13255755
"GeForce GTX 950 (0)","void mcx_main_loop<int=0>(unsigned char*, float*, float*, unsigned int*, float4*, float4*, float4*, float*, unsigned int*, float*, float*, float*, unsigned long*, float*, int volatile *)",1,"global_hit_rate","Global Hit Rate",1.358529%,1.358529%,1.358529%
"GeForce GTX 950 (0)","void mcx_main_loop<int=0>(unsigned char*, float*, float*, unsigned int*, float4*, float4*, float4*, float*, unsigned int*, float*, float*, float*, unsigned long*, float*, int volatile *)",1,"local_hit_rate","Local Hit Rate",0.000000%,0.000000%,0.000000%
"GeForce GTX 950 (0)","void mcx_main_loop<int=0>(unsigned char*, float*, float*, unsigned int*, float4*, float4*, float4*, float*, unsigned int*, float*, float*, float*, unsigned long*, float*, int volatile *)",1,"gld_requested_throughput","Requested Global Load Throughput",1.207682GB/s,1.207682GB/s,1.206994GB/s
"GeForce GTX 950 (0)","void mcx_main_loop<int=0>(unsigned char*, float*, float*, unsigned int*, float4*, float4*, float4*, float*, unsigned int*, float*, float*, float*, unsigned long*, float*, int volatile *)",1,"gst_requested_throughput","Requested Global Store Throughput",4.447019MB/s,4.447019MB/s,3.814697MB/s
"GeForce GTX 950 (0)","void mcx_main_loop<int=0>(unsigned char*, float*, float*, unsigned int*, float4*, float4*, float4*, float*, unsigned int*, float*, float*, float*, unsigned long*, float*, int volatile *)",1,"gld_throughput","Global Load Throughput",38.012091GB/s,38.012091GB/s,38.011931GB/s
"GeForce GTX 950 (0)","void mcx_main_loop<int=0>(unsigned char*, float*, float*, unsigned int*, float4*, float4*, float4*, float*, unsigned int*, float*, float*, float*, unsigned long*, float*, int volatile *)",1,"gst_throughput","Global Store Throughput",6.627142MB/s,6.627142MB/s,5.722046MB/s
"GeForce GTX 950 (0)","void mcx_main_loop<int=0>(unsigned char*, float*, float*, unsigned int*, float4*, float4*, float4*, float*, unsigned int*, float*, float*, float*, unsigned long*, float*, int volatile *)",1,"dram_read_throughput","Device Memory Read Throughput",41.225627MB/s,41.225627MB/s,41.007996MB/s
"GeForce GTX 950 (0)","void mcx_main_loop<int=0>(unsigned char*, float*, float*, unsigned int*, float4*, float4*, float4*, float*, unsigned int*, float*, float*, float*, unsigned long*, float*, int volatile *)",1,"dram_write_throughput","Device Memory Write Throughput",2.541365GB/s,2.541365GB/s,2.540648GB/s
"GeForce GTX 950 (0)","void mcx_main_loop<int=0>(unsigned char*, float*, float*, unsigned int*, float4*, float4*, float4*, float*, unsigned int*, float*, float*, float*, unsigned long*, float*, int volatile *)",1,"tex_cache_throughput","Unified Cache Throughput",6.877054GB/s,6.877054GB/s,6.876886GB/s
"GeForce GTX 950 (0)","void mcx_main_loop<int=0>(unsigned char*, float*, float*, unsigned int*, float4*, float4*, float4*, float*, unsigned int*, float*, float*, float*, unsigned long*, float*, int volatile *)",1,"local_load_throughput","Local Memory Load Throughput",0.000000B/s,0.000000B/s,0.000000B/s
"GeForce GTX 950 (0)","void mcx_main_loop<int=0>(unsigned char*, float*, float*, unsigned int*, float4*, float4*, float4*, float*, unsigned int*, float*, float*, float*, unsigned long*, float*, int volatile *)",1,"local_store_throughput","Local Memory Store Throughput",0.000000B/s,0.000000B/s,0.000000B/s
"GeForce GTX 950 (0)","void mcx_main_loop<int=0>(unsigned char*, float*, float*, unsigned int*, float4*, float4*, float4*, float*, unsigned int*, float*, float*, float*, unsigned long*, float*, int volatile *)",1,"shared_load_throughput","Shared Memory Load Throughput",146.556619GB/s,146.556619GB/s,146.555714GB/s
"GeForce GTX 950 (0)","void mcx_main_loop<int=0>(unsigned char*, float*, float*, unsigned int*, float4*, float4*, float4*, float*, unsigned int*, float*, float*, float*, unsigned long*, float*, int volatile *)",1,"shared_store_throughput","Shared Memory Store Throughput",59.130486GB/s,59.130486GB/s,59.129670GB/s
"GeForce GTX 950 (0)","void mcx_main_loop<int=0>(unsigned char*, float*, float*, unsigned int*, float4*, float4*, float4*, float*, unsigned int*, float*, float*, float*, unsigned long*, float*, int volatile *)",1,"gld_efficiency","Global Memory Load Efficiency",3.177099%,3.177099%,3.177099%
"GeForce GTX 950 (0)","void mcx_main_loop<int=0>(unsigned char*, float*, float*, unsigned int*, float4*, float4*, float4*, float*, unsigned int*, float*, float*, float*, unsigned long*, float*, int volatile *)",1,"gst_efficiency","Global Memory Store Efficiency",67.103119%,67.103119%,67.103119%
"GeForce GTX 950 (0)","void mcx_main_loop<int=0>(unsigned char*, float*, float*, unsigned int*, float4*, float4*, float4*, float*, unsigned int*, float*, float*, float*, unsigned long*, float*, int volatile *)",1,"tex_cache_transactions","Unified Cache Transactions",35870708,35870708,35870708
"GeForce GTX 950 (0)","void mcx_main_loop<int=0>(unsigned char*, float*, float*, unsigned int*, float4*, float4*, float4*, float*, unsigned int*, float*, float*, float*, unsigned long*, float*, int volatile *)",1,"cf_fu_utilization","Control-Flow Function Unit Utilization","Low (1)","Low (1)","Low (1)"
"GeForce GTX 950 (0)","void mcx_main_loop<int=0>(unsigned char*, float*, float*, unsigned int*, float4*, float4*, float4*, float*, unsigned int*, float*, float*, float*, unsigned long*, float*, int volatile *)",1,"tex_fu_utilization","Texture Function Unit Utilization","Low (1)","Low (1)","Low (1)"
"GeForce GTX 950 (0)","void mcx_main_loop<int=0>(unsigned char*, float*, float*, unsigned int*, float4*, float4*, float4*, float*, unsigned int*, float*, float*, float*, unsigned long*, float*, int volatile *)",1,"ldst_fu_utilization","Load/Store Function Unit Utilization","Low (1)","Low (1)","Low (1)"
"GeForce GTX 950 (0)","void mcx_main_loop<int=0>(unsigned char*, float*, float*, unsigned int*, float4*, float4*, float4*, float*, unsigned int*, float*, float*, float*, unsigned long*, float*, int volatile *)",1,"double_precision_fu_utilization","Double-Precision Function Unit Utilization","Mid (4)","Mid (4)","Mid (4)"
"GeForce GTX 950 (0)","void mcx_main_loop<int=0>(unsigned char*, float*, float*, unsigned int*, float4*, float4*, float4*, float*, unsigned int*, float*, float*, float*, unsigned long*, float*, int volatile *)",1,"special_fu_utilization","Special Function Unit Utilization","Low (3)","Low (3)","Low (3)"
"GeForce GTX 950 (0)","void mcx_main_loop<int=0>(unsigned char*, float*, float*, unsigned int*, float4*, float4*, float4*, float*, unsigned int*, float*, float*, float*, unsigned long*, float*, int volatile *)",1,"single_precision_fu_utilization","Single-Precision Function Unit Utilization","Mid (6)","Mid (6)","Mid (6)"
"GeForce GTX 950 (0)","void mcx_main_loop<int=0>(unsigned char*, float*, float*, unsigned int*, float4*, float4*, float4*, float*, unsigned int*, float*, float*, float*, unsigned long*, float*, int volatile *)",1,"flop_count_dp","Floating Point Operations(Double Precision)",0,0,0
"GeForce GTX 950 (0)","void mcx_main_loop<int=0>(unsigned char*, float*, float*, unsigned int*, float4*, float4*, float4*, float*, unsigned int*, float*, float*, float*, unsigned long*, float*, int volatile *)",1,"flop_count_dp_add","Floating Point Operations(Double Precision Add)",0,0,0
"GeForce GTX 950 (0)","void mcx_main_loop<int=0>(unsigned char*, float*, float*, unsigned int*, float4*, float4*, float4*, float*, unsigned int*, float*, float*, float*, unsigned long*, float*, int volatile *)",1,"flop_count_dp_fma","Floating Point Operations(Double Precision FMA)",0,0,0
"GeForce GTX 950 (0)","void mcx_main_loop<int=0>(unsigned char*, float*, float*, unsigned int*, float4*, float4*, float4*, float*, unsigned int*, float*, float*, float*, unsigned long*, float*, int volatile *)",1,"flop_count_dp_mul","Floating Point Operations(Double Precision Mul)",0,0,0
"GeForce GTX 950 (0)","void mcx_main_loop<int=0>(unsigned char*, float*, float*, unsigned int*, float4*, float4*, float4*, float*, unsigned int*, float*, float*, float*, unsigned long*, float*, int volatile *)",1,"flop_count_sp","Floating Point Operations(Single Precision)",12610596249,12610596249,12610596249
"GeForce GTX 950 (0)","void mcx_main_loop<int=0>(unsigned char*, float*, float*, unsigned int*, float4*, float4*, float4*, float*, unsigned int*, float*, float*, float*, unsigned long*, float*, int volatile *)",1,"flop_count_sp_add","Floating Point Operations(Single Precision Add)",4716458312,4716458312,4716458312
"GeForce GTX 950 (0)","void mcx_main_loop<int=0>(unsigned char*, float*, float*, unsigned int*, float4*, float4*, float4*, float*, unsigned int*, float*, float*, float*, unsigned long*, float*, int volatile *)",1,"flop_count_sp_fma","Floating Point Operations(Single Precision FMA)",2266270079,2266270079,2266270079
"GeForce GTX 950 (0)","void mcx_main_loop<int=0>(unsigned char*, float*, float*, unsigned int*, float4*, float4*, float4*, float*, unsigned int*, float*, float*, float*, unsigned long*, float*, int volatile *)",1,"flop_count_sp_mul","Floating Point Operation(Single Precision Mul)",3361597779,3361597779,3361597779
"GeForce GTX 950 (0)","void mcx_main_loop<int=0>(unsigned char*, float*, float*, unsigned int*, float4*, float4*, float4*, float*, unsigned int*, float*, float*, float*, unsigned long*, float*, int volatile *)",1,"flop_count_sp_special","Floating Point Operations(Single Precision Special)",1376914471,1376914471,1376914471
"GeForce GTX 950 (0)","void mcx_main_loop<int=0>(unsigned char*, float*, float*, unsigned int*, float4*, float4*, float4*, float*, unsigned int*, float*, float*, float*, unsigned long*, float*, int volatile *)",1,"inst_executed","Instructions Executed",3909520526,3909520526,3909520526
"GeForce GTX 950 (0)","void mcx_main_loop<int=0>(unsigned char*, float*, float*, unsigned int*, float4*, float4*, float4*, float*, unsigned int*, float*, float*, float*, unsigned long*, float*, int volatile *)",1,"inst_issued","Instructions Issued",3909522448,3909522448,3909522448
"GeForce GTX 950 (0)","void mcx_main_loop<int=0>(unsigned char*, float*, float*, unsigned int*, float4*, float4*, float4*, float*, unsigned int*, float*, float*, float*, unsigned long*, float*, int volatile *)",1,"dram_utilization","Device Memory Utilization","Low (1)","Low (1)","Low (1)"
"GeForce GTX 950 (0)","void mcx_main_loop<int=0>(unsigned char*, float*, float*, unsigned int*, float4*, float4*, float4*, float*, unsigned int*, float*, float*, float*, unsigned long*, float*, int volatile *)",1,"tex_utilization","Unified Cache Utilization","Low (1)","Low (1)","Low (1)"
"GeForce GTX 950 (0)","void mcx_main_loop<int=0>(unsigned char*, float*, float*, unsigned int*, float4*, float4*, float4*, float*, unsigned int*, float*, float*, float*, unsigned long*, float*, int volatile *)",1,"shared_efficiency","Shared Memory Efficiency",28.873843%,28.873843%,28.873843%
"GeForce GTX 950 (0)","void mcx_main_loop<int=0>(unsigned char*, float*, float*, unsigned int*, float4*, float4*, float4*, float*, unsigned int*, float*, float*, float*, unsigned long*, float*, int volatile *)",1,"shared_utilization","Shared Memory Utilization","Low (2)","Low (2)","Low (2)"
"GeForce GTX 950 (0)","void mcx_main_loop<int=0>(unsigned char*, float*, float*, unsigned int*, float4*, float4*, float4*, float*, unsigned int*, float*, float*, float*, unsigned long*, float*, int volatile *)",1,"inst_fp_32","FP Instructions(Single)",17624097926,17624097926,17624097926
"GeForce GTX 950 (0)","void mcx_main_loop<int=0>(unsigned char*, float*, float*, unsigned int*, float4*, float4*, float4*, float*, unsigned int*, float*, float*, float*, unsigned long*, float*, int volatile *)",1,"inst_fp_64","FP Instructions(Double)",244474432,244474432,244474432
"GeForce GTX 950 (0)","void mcx_main_loop<int=0>(unsigned char*, float*, float*, unsigned int*, float4*, float4*, float4*, float*, unsigned int*, float*, float*, float*, unsigned long*, float*, int volatile *)",1,"inst_integer","Integer Instructions",14040462680,14040462680,14040462680
"GeForce GTX 950 (0)","void mcx_main_loop<int=0>(unsigned char*, float*, float*, unsigned int*, float4*, float4*, float4*, float*, unsigned int*, float*, float*, float*, unsigned long*, float*, int volatile *)",1,"inst_bit_convert","Bit-Convert Instructions",3613866826,3613866826,3613866826
"GeForce GTX 950 (0)","void mcx_main_loop<int=0>(unsigned char*, float*, float*, unsigned int*, float4*, float4*, float4*, float*, unsigned int*, float*, float*, float*, unsigned long*, float*, int volatile *)",1,"inst_control","Control-Flow Instructions",2649259793,2649259793,2649259793
"GeForce GTX 950 (0)","void mcx_main_loop<int=0>(unsigned char*, float*, float*, unsigned int*, float4*, float4*, float4*, float*, unsigned int*, float*, float*, float*, unsigned long*, float*, int volatile *)",1,"inst_compute_ld_st","Load/Store Instructions",2033561180,2033561180,2033561180
"GeForce GTX 950 (0)","void mcx_main_loop<int=0>(unsigned char*, float*, float*, unsigned int*, float4*, float4*, float4*, float*, unsigned int*, float*, float*, float*, unsigned long*, float*, int volatile *)",1,"inst_misc","Misc Instructions",12343659607,12343659607,12343659607
"GeForce GTX 950 (0)","void mcx_main_loop<int=0>(unsigned char*, float*, float*, unsigned int*, float4*, float4*, float4*, float*, unsigned int*, float*, float*, float*, unsigned long*, float*, int volatile *)",1,"inst_inter_thread_communication","Inter-Thread Instructions",6042,6042,6042
"GeForce GTX 950 (0)","void mcx_main_loop<int=0>(unsigned char*, float*, float*, unsigned int*, float4*, float4*, float4*, float*, unsigned int*, float*, float*, float*, unsigned long*, float*, int volatile *)",1,"issue_slots","Issue Slots",3459267539,3459267539,3459267539
"GeForce GTX 950 (0)","void mcx_main_loop<int=0>(unsigned char*, float*, float*, unsigned int*, float4*, float4*, float4*, float*, unsigned int*, float*, float*, float*, unsigned long*, float*, int volatile *)",1,"cf_issued","Issued Control-Flow Instructions",354207407,354207407,354207407
"GeForce GTX 950 (0)","void mcx_main_loop<int=0>(unsigned char*, float*, float*, unsigned int*, float4*, float4*, float4*, float*, unsigned int*, float*, float*, float*, unsigned long*, float*, int volatile *)",1,"cf_executed","Executed Control-Flow Instructions",354207407,354207407,354207407
"GeForce GTX 950 (0)","void mcx_main_loop<int=0>(unsigned char*, float*, float*, unsigned int*, float4*, float4*, float4*, float*, unsigned int*, float*, float*, float*, unsigned long*, float*, int volatile *)",1,"ldst_issued","Issued Load/Store Instructions",196152963,196152963,196152963
"GeForce GTX 950 (0)","void mcx_main_loop<int=0>(unsigned char*, float*, float*, unsigned int*, float4*, float4*, float4*, float*, unsigned int*, float*, float*, float*, unsigned long*, float*, int volatile *)",1,"ldst_executed","Executed Load/Store Instructions",148997109,148997109,148997109
"GeForce GTX 950 (0)","void mcx_main_loop<int=0>(unsigned char*, float*, float*, unsigned int*, float4*, float4*, float4*, float*, unsigned int*, float*, float*, float*, unsigned long*, float*, int volatile *)",1,"atomic_transactions","Atomic Transactions",64953001,64953001,64953001
"GeForce GTX 950 (0)","void mcx_main_loop<int=0>(unsigned char*, float*, float*, unsigned int*, float4*, float4*, float4*, float*, unsigned int*, float*, float*, float*, unsigned long*, float*, int volatile *)",1,"atomic_transactions_per_request","Atomic Transactions Per Request",6.595054,6.595054,6.595054
"GeForce GTX 950 (0)","void mcx_main_loop<int=0>(unsigned char*, float*, float*, unsigned int*, float4*, float4*, float4*, float*, unsigned int*, float*, float*, float*, unsigned long*, float*, int volatile *)",1,"stall_inst_fetch","Issue Stall Reasons (Instructions Fetch)",15.842524%,15.842524%,15.842524%
"GeForce GTX 950 (0)","void mcx_main_loop<int=0>(unsigned char*, float*, float*, unsigned int*, float4*, float4*, float4*, float*, unsigned int*, float*, float*, float*, unsigned long*, float*, int volatile *)",1,"stall_exec_dependency","Issue Stall Reasons (Execution Dependency)",49.894564%,49.894564%,49.894564%
"GeForce GTX 950 (0)","void mcx_main_loop<int=0>(unsigned char*, float*, float*, unsigned int*, float4*, float4*, float4*, float*, unsigned int*, float*, float*, float*, unsigned long*, float*, int volatile *)",1,"stall_memory_dependency","Issue Stall Reasons (Data Request)",7.764199%,7.764199%,7.764199%
"GeForce GTX 950 (0)","void mcx_main_loop<int=0>(unsigned char*, float*, float*, unsigned int*, float4*, float4*, float4*, float*, unsigned int*, float*, float*, float*, unsigned long*, float*, int volatile *)",1,"stall_texture","Issue Stall Reasons (Texture)",0.000000%,0.000000%,0.000000%
"GeForce GTX 950 (0)","void mcx_main_loop<int=0>(unsigned char*, float*, float*, unsigned int*, float4*, float4*, float4*, float*, unsigned int*, float*, float*, float*, unsigned long*, float*, int volatile *)",1,"stall_sync","Issue Stall Reasons (Synchronization)",0.000000%,0.000000%,0.000000%
"GeForce GTX 950 (0)","void mcx_main_loop<int=0>(unsigned char*, float*, float*, unsigned int*, float4*, float4*, float4*, float*, unsigned int*, float*, float*, float*, unsigned long*, float*, int volatile *)",1,"stall_other","Issue Stall Reasons (Other)",8.516507%,8.516507%,8.516507%
"GeForce GTX 950 (0)","void mcx_main_loop<int=0>(unsigned char*, float*, float*, unsigned int*, float4*, float4*, float4*, float*, unsigned int*, float*, float*, float*, unsigned long*, float*, int volatile *)",1,"stall_constant_memory_dependency","Issue Stall Reasons (Immediate constant)",0.000908%,0.000908%,0.000908%
"GeForce GTX 950 (0)","void mcx_main_loop<int=0>(unsigned char*, float*, float*, unsigned int*, float4*, float4*, float4*, float*, unsigned int*, float*, float*, float*, unsigned long*, float*, int volatile *)",1,"stall_pipe_busy","Issue Stall Reasons (Pipe Busy)",5.184185%,5.184185%,5.184185%
"GeForce GTX 950 (0)","void mcx_main_loop<int=0>(unsigned char*, float*, float*, unsigned int*, float4*, float4*, float4*, float*, unsigned int*, float*, float*, float*, unsigned long*, float*, int volatile *)",1,"stall_memory_throttle","Issue Stall Reasons (Memory Throttle)",0.000086%,0.000086%,0.000086%
"GeForce GTX 950 (0)","void mcx_main_loop<int=0>(unsigned char*, float*, float*, unsigned int*, float4*, float4*, float4*, float*, unsigned int*, float*, float*, float*, unsigned long*, float*, int volatile *)",1,"stall_not_selected","Issue Stall Reasons (Not Selected)",12.797028%,12.797028%,12.797028%
"GeForce GTX 950 (0)","void mcx_main_loop<int=0>(unsigned char*, float*, float*, unsigned int*, float4*, float4*, float4*, float*, unsigned int*, float*, float*, float*, unsigned long*, float*, int volatile *)",1,"sysmem_read_transactions","System Memory Read Transactions",121,121,121
"GeForce GTX 950 (0)","void mcx_main_loop<int=0>(unsigned char*, float*, float*, unsigned int*, float4*, float4*, float4*, float*, unsigned int*, float*, float*, float*, unsigned long*, float*, int volatile *)",1,"sysmem_write_transactions","System Memory Write Transactions",126,126,126
"GeForce GTX 950 (0)","void mcx_main_loop<int=0>(unsigned char*, float*, float*, unsigned int*, float4*, float4*, float4*, float*, unsigned int*, float*, float*, float*, unsigned long*, float*, int volatile *)",1,"l2_read_transactions","L2 Read Transactions",319562672,319562672,319562672
"GeForce GTX 950 (0)","void mcx_main_loop<int=0>(unsigned char*, float*, float*, unsigned int*, float4*, float4*, float4*, float*, unsigned int*, float*, float*, float*, unsigned long*, float*, int volatile *)",1,"l2_write_transactions","L2 Write Transactions",121323883,121323883,121323883
"GeForce GTX 950 (0)","void mcx_main_loop<int=0>(unsigned char*, float*, float*, unsigned int*, float4*, float4*, float4*, float*, unsigned int*, float*, float*, float*, unsigned long*, float*, int volatile *)",1,"ecc_transactions","ECC Transactions",0,0,0
"GeForce GTX 950 (0)","void mcx_main_loop<int=0>(unsigned char*, float*, float*, unsigned int*, float4*, float4*, float4*, float*, unsigned int*, float*, float*, float*, unsigned long*, float*, int volatile *)",1,"local_memory_overhead","Local Memory Overhead",0.000000%,0.000000%,0.000000%
"GeForce GTX 950 (0)","void mcx_main_loop<int=0>(unsigned char*, float*, float*, unsigned int*, float4*, float4*, float4*, float*, unsigned int*, float*, float*, float*, unsigned long*, float*, int volatile *)",1,"tex_cache_hit_rate","Unified Cache Hit Rate",38.476869%,38.476869%,38.476869%
"GeForce GTX 950 (0)","void mcx_main_loop<int=0>(unsigned char*, float*, float*, unsigned int*, float4*, float4*, float4*, float*, unsigned int*, float*, float*, float*, unsigned long*, float*, int volatile *)",1,"l2_tex_read_hit_rate","L2 Hit Rate (Texture Reads)",99.978425%,99.978425%,99.978425%
"GeForce GTX 950 (0)","void mcx_main_loop<int=0>(unsigned char*, float*, float*, unsigned int*, float4*, float4*, float4*, float*, unsigned int*, float*, float*, float*, unsigned long*, float*, int volatile *)",1,"l2_tex_write_hit_rate","L2 Hit Rate (Texture Writes)",31.286472%,31.286472%,31.286472%
"GeForce GTX 950 (0)","void mcx_main_loop<int=0>(unsigned char*, float*, float*, unsigned int*, float4*, float4*, float4*, float*, unsigned int*, float*, float*, float*, unsigned long*, float*, int volatile *)",1,"l2_tex_read_throughput","L2 Throughput (Texture Reads)",38.012091GB/s,38.012091GB/s,38.011931GB/s
"GeForce GTX 950 (0)","void mcx_main_loop<int=0>(unsigned char*, float*, float*, unsigned int*, float4*, float4*, float4*, float*, unsigned int*, float*, float*, float*, unsigned long*, float*, int volatile *)",1,"l2_tex_write_throughput","L2 Throughput (Texture Writes)",6.627535MB/s,6.627535MB/s,5.722046MB/s
"GeForce GTX 950 (0)","void mcx_main_loop<int=0>(unsigned char*, float*, float*, unsigned int*, float4*, float4*, float4*, float*, unsigned int*, float*, float*, float*, unsigned long*, float*, int volatile *)",1,"l2_tex_read_transactions","L2 Transactions (Texture Reads)",198271026,198271026,198271026
"GeForce GTX 950 (0)","void mcx_main_loop<int=0>(unsigned char*, float*, float*, unsigned int*, float4*, float4*, float4*, float*, unsigned int*, float*, float*, float*, unsigned long*, float*, int volatile *)",1,"l2_tex_write_transactions","L2 Transactions (Texture Writes)",33759,33759,33759
"GeForce GTX 950 (0)","void mcx_main_loop<int=0>(unsigned char*, float*, float*, unsigned int*, float4*, float4*, float4*, float*, unsigned int*, float*, float*, float*, unsigned long*, float*, int volatile *)",1,"l2_read_throughput","L2 Throughput (Reads)",61.265862GB/s,61.265862GB/s,61.265193GB/s
"GeForce GTX 950 (0)","void mcx_main_loop<int=0>(unsigned char*, float*, float*, unsigned int*, float4*, float4*, float4*, float*, unsigned int*, float*, float*, float*, unsigned long*, float*, int volatile *)",1,"l2_write_throughput","L2 Throughput (Writes)",23.259951GB/s,23.259951GB/s,23.259781GB/s
"GeForce GTX 950 (0)","void mcx_main_loop<int=0>(unsigned char*, float*, float*, unsigned int*, float4*, float4*, float4*, float*, unsigned int*, float*, float*, float*, unsigned long*, float*, int volatile *)",1,"sysmem_read_throughput","System Memory Read Throughput",24.324219KB/s,24.324219KB/s,0.000000B/s
"GeForce GTX 950 (0)","void mcx_main_loop<int=0>(unsigned char*, float*, float*, unsigned int*, float4*, float4*, float4*, float*, unsigned int*, float*, float*, float*, unsigned long*, float*, int volatile *)",1,"sysmem_write_throughput","System Memory Write Throughput",25.329102KB/s,25.329102KB/s,0.000000B/s
"GeForce GTX 950 (0)","void mcx_main_loop<int=0>(unsigned char*, float*, float*, unsigned int*, float4*, float4*, float4*, float*, unsigned int*, float*, float*, float*, unsigned long*, float*, int volatile *)",1,"l2_utilization","L2 Cache Utilization","Low (3)","Low (3)","Low (3)"
"GeForce GTX 950 (0)","void mcx_main_loop<int=0>(unsigned char*, float*, float*, unsigned int*, float4*, float4*, float4*, float*, unsigned int*, float*, float*, float*, unsigned long*, float*, int volatile *)",1,"l2_atomic_throughput","L2 Throughput (Atomic requests)",23.253478GB/s,23.253478GB/s,23.253262GB/s
"GeForce GTX 950 (0)","void mcx_main_loop<int=0>(unsigned char*, float*, float*, unsigned int*, float4*, float4*, float4*, float*, unsigned int*, float*, float*, float*, unsigned long*, float*, int volatile *)",1,"l2_atomic_transactions","L2 Transactions (Atomic requests)",242580238,242580238,242580238
"GeForce GTX 950 (0)","void mcx_main_loop<int=0>(unsigned char*, float*, float*, unsigned int*, float4*, float4*, float4*, float*, unsigned int*, float*, float*, float*, unsigned long*, float*, int volatile *)",1,"sysmem_utilization","System Memory Utilization","Low (1)","Low (1)","Low (1)"
"GeForce GTX 950 (0)","void mcx_main_loop<int=0>(unsigned char*, float*, float*, unsigned int*, float4*, float4*, float4*, float*, unsigned int*, float*, float*, float*, unsigned long*, float*, int volatile *)",1,"ecc_throughput","ECC Throughput",0.000000B/s,0.000000B/s,0.000000B/s
"GeForce GTX 950 (0)","void mcx_main_loop<int=0>(unsigned char*, float*, float*, unsigned int*, float4*, float4*, float4*, float*, unsigned int*, float*, float*, float*, unsigned long*, float*, int volatile *)",1,"sysmem_read_utilization","System Memory Read Utilization","Low (1)","Low (1)","Low (1)"
"GeForce GTX 950 (0)","void mcx_main_loop<int=0>(unsigned char*, float*, float*, unsigned int*, float4*, float4*, float4*, float*, unsigned int*, float*, float*, float*, unsigned long*, float*, int volatile *)",1,"sysmem_write_utilization","System Memory Write Utilization","Low (1)","Low (1)","Low (1)"
"GeForce GTX 950 (0)","void mcx_main_loop<int=0>(unsigned char*, float*, float*, unsigned int*, float4*, float4*, float4*, float*, unsigned int*, float*, float*, float*, unsigned long*, float*, int volatile *)",1,"eligible_warps_per_cycle","Eligible Warps Per Active Cycle",5.086808,5.086808,5.086808
"GeForce GTX 950 (0)","void mcx_main_loop<int=0>(unsigned char*, float*, float*, unsigned int*, float4*, float4*, float4*, float*, unsigned int*, float*, float*, float*, unsigned long*, float*, int volatile *)",1,"flop_sp_efficiency","FLOP Efficiency(Peak Single)",3.642482%,3.642482%,3.642482%
"GeForce GTX 950 (0)","void mcx_main_loop<int=0>(unsigned char*, float*, float*, unsigned int*, float4*, float4*, float4*, float*, unsigned int*, float*, float*, float*, unsigned long*, float*, int volatile *)",1,"flop_dp_efficiency","FLOP Efficiency(Peak Double)",0.000000%,0.000000%,0.000000%
